{
    "types": {
        "EIP712Domain": [{
                "name": "name",
                "type": "string"
            },
            {
                "name": "version",
                "type": "string"
            },
            {
                "name": "chainId",
                "type": "uint256"
            },
            {
                "name": "verifyingContract",
                "type": "address"
            }
        ],
        "Permit": [{
                "name": "owner",
                "type": "address"
            },
            {
                "name": "spender",
                "type": "address"
            },
            {
                "name": "value",
                "type": "uint256"
            },
            {
                "name": "nonce",
                "type": "uint256"
            },
            {
                "name": "deadline",
                "type": "uint256"
            }
        ]
    },
    "primaryType": "Permit",
    "domain": {
        "name": "ERC2612",
        "version": "1",
        "chainId": 31337,
        "verifyingContract": "0x5FbDB2315678afecb367f032d93F642f64180aa3"
    },
    "message": {
        "owner": "0xf39fd6e51aad88f6f4ce6ab8827279cfffb92266",
        "spender": "0xe7f1725E7734CE288F8367e1Bb143E90bb3F0512",
        "value": "1000000000000000000",
        "nonce": "4",
        "deadline": 1646735282
    }
}